{
  "type": "minecraft:crafting_shaped",
  "category": "misc",
  "show_notification": true,
  "key": {
    "#": {
      "item": "minecraft:milk_bucket"
    },
    "-": {
      "item": "minecraft:honey_bottle"
    },
    "+": {
      "item": "minecraft:cake"
    },
    "=": {
      "item": "minecraft:flowering_azalea_leaves"
    },
    "*": {
      "item": "minecraft:water_bucket"
    }
  },
  "pattern": [
    " # ",
    "-+=",
    " * "
  ],
  "result": {
    "item": "minecraft:knowledge_book",
    "count": 1
  }
}