{
    "type": "chest",
    "pools": [
        {
            "rolls": 1,
            "bonus_rolls": 0.0,
            "entries": [
                {
                    "type": "item",
                    "name": "prismarine_crystals",
                    "functions": [
                        {
                            "function": "set_name",
                            "entity": "this",
                            "name": {
                                "text": "劳动者晶石",
                                "italic": false,
                                "color": "#00FF88"
                            }
                        },
                        {
                            "function": "set_lore",
                            "entity": "this",
                            "replace": true,
                            "lore": [
                                {
                                    "text": "由汗水凝结而成的水晶",
                                    "italic": false,
                                    "color": "gray"
                                },
                                {
                                    "text": "是辛勤劳动的证明！！！",
                                    "italic": false,
                                    "color": "gray"
                                },
                                {
                                    "text": "（其实就是汗结晶了）",
                                    "italic": false,
                                    "color": "dark_gray"
                                }
                            ]
                        },
                        {
                            "function": "set_nbt",
                            "tag": "{ne_token:1}"
                        }
                    ]
                }
            ]
        },
        {
            "rolls": 1,
            "bonus_rolls": 0.0,
            "entries": [
                {
                    "type": "item",
                    "name": "minecraft:enchanted_book",
                    "functions": [
                        {
                            "function": "enchant_randomly",
                            "enchantments": [
                                "mending",
                                "unbreaking",
                                "swift_sneak",
                                "soul_speed",
                                "sharpness",
                                "infinity",
                                "loyalty",
                                "protection",
                                "efficiency",
                                "quick_charge"
                            ]
                        },
                        {
                            "function": "enchant_randomly",
                            "enchantments": [
                                "mending",
                                "unbreaking",
                                "swift_sneak",
                                "soul_speed",
                                "sharpness",
                                "infinity",
                                "loyalty",
                                "protection",
                                "efficiency",
                                "quick_charge"
                            ]
                        }
                    ],
                    "weight": 5
                },
                {
                    "type": "item",
                    "name": "minecraft:enchanted_book",
                    "functions": [
                        {
                            "function": "enchant_randomly",
                            "enchantments": [
                                "mending",
                                "unbreaking",
                                "swift_sneak",
                                "soul_speed",
                                "sharpness",
                                "infinity",
                                "loyalty",
                                "protection",
                                "efficiency",
                                "quick_charge"
                            ]
                        },
                        {
                            "function": "enchant_randomly",
                            "enchantments": [
                                "mending",
                                "unbreaking",
                                "swift_sneak",
                                "soul_speed",
                                "sharpness",
                                "infinity",
                                "loyalty",
                                "protection",
                                "efficiency",
                                "quick_charge"
                            ]
                        },
                        {
                            "function": "enchant_randomly",
                            "enchantments": [
                                "mending",
                                "unbreaking",
                                "swift_sneak",
                                "soul_speed",
                                "sharpness",
                                "infinity",
                                "loyalty",
                                "protection",
                                "efficiency",
                                "quick_charge"
                            ]
                        }
                    ],
                    "weight": 5
                },
                {
                    "type": "item",
                    "name": "minecraft:enchanted_book",
                    "functions": [
                        {
                            "function": "enchant_randomly",
                            "enchantments": [
                                "mending",
                                "unbreaking",
                                "swift_sneak",
                                "soul_speed",
                                "sharpness",
                                "infinity",
                                "loyalty",
                                "protection",
                                "efficiency",
                                "quick_charge"
                            ]
                        }
                    ],
                    "weight": 5
                }
            ]
        },
        {
            "rolls": {
                "type": "minecraft:uniform",
                "min": 0,
                "max": 2
            },
            "bonus_rolls": 0.0,
            "entries": [
                {
                    "type": "item",
                    "name": "minecraft:netherite_scrap",
                    "functions": [
                        {
                            "function": "set_count",
                            "count": {
                                "min": 1,
                                "max": 3
                            }
                        }
                    ],
                    "weight": 8
                },
                {
                    "type": "item",
                    "name": "minecraft:raw_iron_block",
                    "functions": [
                        {
                            "function": "set_count",
                            "count": {
                                "min": 1,
                                "max": 8
                            }
                        }
                    ],
                    "weight": 8
                },
                {
                    "type": "item",
                    "name": "minecraft:raw_gold_block",
                    "functions": [
                        {
                            "function": "set_count",
                            "count": {
                                "min": 1,
                                "max": 8
                            }
                        }
                    ],
                    "weight": 8
                },
                {
                    "type": "item",
                    "name": "minecraft:diamond",
                    "functions": [
                        {
                            "function": "set_count",
                            "count": {
                                "min": 1,
                                "max": 6
                            }
                        }
                    ],
                    "weight": 8
                },
                {
                    "type": "item",
                    "name": "minecraft:shulker_shell",
                    "functions": [
                        {
                            "function": "set_count",
                            "count": {
                                "min": 1,
                                "max": 8
                            }
                        }
                    ],
                    "weight": 8
                },
                {
                    "type": "item",
                    "name": "minecraft:enchanted_golden_apple",
                    "functions": [
                        {
                            "function": "set_count",
                            "count": {
                                "min": 1,
                                "max": 3
                            }
                        }
                    ],
                    "weight": 5
                },
                {
                    "type": "item",
                    "name": "minecraft:elytra",
                    "weight": 5
                },
                {
                    "type": "item",
                    "name": "minecraft:nether_star",
                    "weight": 5
                }
            ]
        }
    ]
}